{
  "title": "Value Converter Recipe",
  "description": "",
  "variables": {
    "date": {
      "type": "string",
      "defaultValue": "2020-01-31T11:17:02.005+00:00"
    },
    "number": {
      "type": "number",
      "defaultValue": 1234567
    }
  },
  "metadata": {},
  "types": {},
  "chains": {},
  "eventListeners": {},
  "imports": {
    "components": {
      "oj-input-date": {
        "path": "ojs/ojdatetimepicker"
      },
      "oj-input-date-time": {
        "path": "ojs/ojdatetimepicker"
      },
      "oj-input-number": {
        "path": "ojs/ojinputnumber"
      },
      "oj-input-text": {
        "path": "ojs/ojinputtext"
      },
      "oj-input-time": {
        "path": "ojs/ojdatetimepicker"
      },
      "oj-label": {
        "path": "ojs/ojlabel"
      }
    },
    "modules": {
      "ojValidationDateTime": {
        "path": "ojs/ojvalidation-datetime"
      },
      "ojValidationNumber": {
        "path": "ojs/ojvalidation-number"
      }
    }
  }
}