{

  "title": "",
  "description": "",
  "variables": {},
  "metadata": {},
  "types": {},
  "chains": {},
  "eventListeners": {},
  "imports": {
    "components": {
      "oj-accordion": {
        "path": "ojs/ojaccordion"
      },
      "oj-collapsible": {
        "path": "ojs/ojcollapsible"
      },
      "oj-dialog": {
        "path": "ojs/ojdialog"
      },
      "oj-validation-group": {
        "path": "ojs/ojvalidationgroup"
      },
      "oj-form-layout": {
        "path": "ojs/ojformlayout"
      },
      "oj-input-text": {
        "path": "ojs/ojinputtext"
      },
      "oj-input-date": {
        "path": "ojs/ojdatetimepicker"
      },
      "oj-select-single": {
        "path": "ojs/ojselectsingle"
      },
      "oj-select-many": {
        "path": "ojs/ojselectcombobox"
      },
      "oj-button": {
        "path": "ojs/ojbutton"
      }
    }
  }
}