{
  "description": "",
  "root": "validate",
  "actions": {
    "validate": {
      "module": "vb/action/builtin/callModuleFunctionAction",
      "parameters": {
        "module": "[[ $functions ]]",
        "functionName": "validateForm",
        "params": [
          "edit-form"
        ],
        "returnType": "boolean"
      },
      "outcomes": {
        "success": "ifValid"
      }
    },
    "ifValid": {
      "module": "vb/action/builtin/ifAction",
      "parameters": {
        "condition": "[[ $chain.results.validate ]]"
      },
      "outcomes": {
        "true": "payload"
      }
    },
    "payload": {
      "module": "vb/action/builtin/callModuleFunctionAction",
      "parameters": {
        "module": "[[ $functions ]]",
        "functionName": "batchPayloadForEdit",
        "params": [
          "{{ $page.variables.currentEmployee }}",
          "{{ $page.variables.currentSkills }}"
        ],
        "returnType": "object"
      },
      "outcomes": {
        "success": "saveEmployee"
      }
    },
    "successNotif": {
      "module": "vb/action/builtin/fireNotificationEventAction",
      "parameters": {
        "target": "leaf",
        "summary": "Saved Successfully",
        "displayMode": "transient",
        "type": "confirmation"
      },
      "outcomes": {
        "success": "closeDialog"
      }
    },
    "closeDialog": {
      "module": "vb/action/builtin/callComponentMethodAction",
      "parameters": {
        "component": "{{ document.getElementById('dialog-edit-employee') }}",
        "method": "close"
      }
    },
    "fireNotification1": {
      "module": "vb/action/builtin/fireNotificationEventAction",
      "parameters": {
        "target": "leaf",
        "summary": "[[ $chain.results.saveEmployee.message.summary ]]",
        "type": "error",
        "displayMode": "persist"
      }
    },
    "saveEmployee": {
      "module": "vb/action/builtin/restAction",
      "parameters": {
        "endpoint": "businessObjects/batch",
        "body": "{{ $chain.results.payload }}"
      },
      "outcomes": {
        "failure": "fireNotification1",
        "success": "refreshEmployeeList"
      }
    },
    "refreshEmployeeList": {
      "module": "vb/action/builtin/fireDataProviderEventAction",
      "parameters": {
        "refresh": null,
        "target": "[[ $page.variables.employeeListSDP ]]"
      },
      "outcomes": {
        "success": "successNotif"
      }
    }
  },
  "variables": {
    "detail": {
      "required": true,
      "type": "any",
      "input": "fromCaller"
    }
  }
}