{
  "root": "callCompareToSimplifedFilterChipsMethod",
  "actions": {

    "callFunctionShowSearchResultsBitLater": {
      "module": "vb/action/builtin/callModuleFunctionAction",
      "parameters": {
        "module": "[[ $functions ]]",
        "functionName": "showSearchResultsBitLater"
      }
    },
    "callCompareToSimplifedFilterChipsMethod": {
      "module": "vb/action/builtin/callComponentMethodAction",
      "parameters": {
        "component": "{{ document.getElementById('oj_sfs1') }}",
        "method": "compareToSimplifedFilterChips",
        "params": [
          "{{ $variables.value }}"
        ]
      },
      "outcomes": {
        "success": "needUpdateAppliedFilers"
      }
    },
    "needUpdateAppliedFilers": {
      "module": "vb/action/builtin/ifAction",
      "parameters": {
        "condition": "[[ !$chain.results.callCompareToSimplifedFilterChipsMethod ]]"
      },
      "outcomes": {
        "true": "updatAppliedFilters",
        "false": "callFunctionShowSearchResultsBitLater"
      }
    },
    "updatAppliedFilters": {
      "module": "vb/action/builtin/assignVariablesAction",
      "parameters": {
        "$page.variables.appliedFilters": {
          "source": "{{ $variables.value && $variables.value.length > 0 ? JSON.parse($variables.value) : [] }}",
          "reset": "empty"
        }
      },
      "outcomes": {
        "success": "callFunctionShowSearchResultsBitLater"
      }
    }
  },
  "variables": {
    "value": {
      "type": "string",
      "required": true,
      "input": "fromCaller"
    }
  },
  "description": "this is an attempt to postpone update of appliedFilterStr to workaround different flickering and multiple re-renders of search results"
}