{
  "title": "REST Helper Recipe",
  "description": "",
  "variables": {
    "employee": {
      "type": "create_Employee"
    },
    "employeeListSDP": {
      "type": "vb/ServiceDataProvider",
      "defaultValue": {
        "endpoint": "businessObjects/getall_Employee",
        "keyAttributes": "id",
        "itemsPath": "items",
        "responseType": "page:getallEmployeeResponse"
      }
    }
  },
  "metadata": {},
  "types": {
    "@decorators.create_Employee": {
      "endpoint": "create_Employee",
      "service": "businessObjects",
      "path": "request"
    },
    "create_Employee": {
      "email": "string",
      "firstName": "string",
      "lastName": "string"
    },
    "getallEmployeeResponse": {
      "items": [
        {
          "email": "string",
          "firstName": "string",
          "id": "number",
          "lastName": "string"
        }
      ]
    },
    "@decorators.getallEmployeeResponse": {
      "endpoint": "getall_Employee",
      "service": "businessObjects",
      "path": "response"
    }
  },
  "chains": {},
  "eventListeners": {
    "validateHandler": {
      "chains": [
        {
          "chainId": "handleValidateClickChain",
          "parameters": {
            "detail": "{{ $event.detail }}"
          }
        }
      ]
    }
  },
  "imports": {
    "components": {
      "oj-validation-group": {
        "path": "ojs/ojvalidationgroup"
      },
      "oj-form-layout": {
        "path": "ojs/ojformlayout"
      },
      "oj-input-text": {
        "path": "ojs/ojinputtext"
      },
      "oj-toolbar": {
        "path": "ojs/ojtoolbar"
      },
      "oj-button": {
        "path": "ojs/ojbutton"
      },
      "oj-table": {
        "path": "ojs/ojtable"
      }
    },
    "modules": {
      "ojValidationBase": {
        "path": "ojs/ojvalidation-base"
      }
    }
  }
}