{
  "description": "",
  "variables": {
    "files": {
      "required": true,
      "type": "object[]",
      "input": "fromCaller"
    }
  },
  "root": "updateOCMServerStatusBusy",
  "actions": {

    "updateOCMServerStatusBusy": {
      "module": "vb/action/builtin/assignVariablesAction",
      "parameters": {
        "$page.variables.ocmServerBusy": {
          "source": true
        }
      },
      "outcomes": {
        "success": "forEachInFiles"
      }
    },
    "callUploadFileRestEndpoint": {
      "module": "vb/action/builtin/restAction",
      "parameters": {
        "endpoint": "ocm/uploadFile",
        "body": {
          "jsonInputParameters": "{{ '{ \"parentID\":\"self\"}' }}",
          "primaryFile": "{{ $current.data }}"
        },
        "contentType": "multipart/form-data",
        "uriParams": {
          "filename": "{{ $current.data.name }}"
        }
      },
      "outcomes": {
        "success": "fireSuccessNotification",
        "failure": "fireErrorNotification2"
      }
    },
    "updateOCMServerStatusReady": {
      "module": "vb/action/builtin/assignVariablesAction",
      "parameters": {
        "$page.variables.ocmServerBusy": {
          "source": false
        }
      },
      "outcomes": {
        "success": "refreshDataProvider"
      }
    },
    "fireErrorNotification2": {
      "module": "vb/action/builtin/fireNotificationEventAction",
      "parameters": {
        "displayMode": "persist",
        "type": "error",
        "summary": "Upload failed"
      }
    },
    "fireErrorNotification3": {
      "module": "vb/action/builtin/fireNotificationEventAction",
      "parameters": {
        "summary": "{{ 'File ' + $current.data.name + ' is too big (1MB is the limit).' }}"
      }
    },
    "fireErrorNotification4": {
      "module": "vb/action/builtin/fireNotificationEventAction",
      "parameters": {
        "summary": "Only jpeg, gif and png formats are supported."
      }
    },
    "fireSuccessNotification": {
      "module": "vb/action/builtin/fireNotificationEventAction",
      "parameters": {
        "displayMode": "transient",
        "type": "info",
        "summary": "{{ 'File ' + $current.data.name + ' was successfully uploaded' }}"
      }
    },
    "refreshDataProvider": {
      "module": "vb/action/builtin/fireDataProviderEventAction",
      "parameters": {
        "target": "[[ $page.variables.ocmFilesSDP ]]",
        "refresh": null
      }
    },
    "ifValidFileSize": {
      "module": "vb/action/builtin/ifAction",
      "parameters": {
        "condition": "[[ $current.data.size < 1100000 ]]"
      },
      "outcomes": {
        "true": "callUploadFileRestEndpoint",
        "false": "fireErrorNotification3"
      }
    },
    "ifValidFileName": {
      "module": "vb/action/builtin/ifAction",
      "parameters": {
        "condition": "[[ $current.data.name !== undefined ]]"
      },
      "outcomes": {
        "true": "ifValidFileSize",
        "false": "fireErrorNotification4"
      }
    },
    "forEachInFiles": {
      "module": "vb/action/builtin/forEachAction",
      "parameters": {
        "actionId": "ifValidFileName",
        "items": "{{ $variables.files }}"
      },
      "outcomes": {
        "success": "updateOCMServerStatusReady"
      }
    }
  }
}