{
  "root": "callDepartmentRestEndpoint",
  "description": "",
  "variables": {},
  "actions": {
    "fireNotification1": {
      "module": "vb/action/builtin/fireNotificationEventAction",
      "parameters": {
        "target": "leaf",
        "summary": "[[ $chain.results.callDepartmentRestEndpoint.message.summary ]]",
        "type": "error",
        "displayMode": "persist"
      }
    },
    "assignVariables2": {
      "module": "vb/action/builtin/assignVariablesAction",
      "parameters": {
        "$page.variables.groupingDept": {
          "source": [
            {
              "children": "{{ $chain.results.callDepartmentRestEndpoint.body.items }}",
              "label": "All Departments",
              "value": 1234567
            }
          ],
          "reset": "none",
          "auto": "always",
          "mapping": {
            "$target.children": {
              "source": "$source.children",
              "reset": "empty",
              "auto": "always",
              "mapping": {
                "$target.value": {
                  "source": "$source.id",
                  "reset": "none"
                },
                "$target.label": {
                  "source": "$source.departmentName",
                  "reset": "none"
                }
              }
            }
          }
        }
      },
      "outcomes": {
        "success": "callgetDepartmentTreeDataModuleFunction"
      }
    },
    "callDepartmentRestEndpoint": {
      "module": "vb/action/builtin/restAction",
      "parameters": {
        "endpoint": "businessObjects/getall_Department"
      },
      "outcomes": {
        "failure": "fireNotification1",
        "success": "assigngroupingdata"
      }
    },
    "assigngroupingdata": {
      "module": "vb/action/builtin/assignVariablesAction",
      "parameters": {
        "$page.variables.groupingDept": {
          "source": [
            {
              "children": [
                {
                  "value": "{{ $chain.results.callDepartmentRestEndpoint.body.items[0].id }}",
                  "label": "{{ $chain.results.callDepartmentRestEndpoint.body.items[0].departmentName }}"
                }
              ],
              "label": "Commonly Selected",
              "value": 234567
            }
          ],
          "reset": "none",
          "auto": "always",
          "mapping": {
            "$target.children": {
              "source": "$source.children",
              "reset": "empty",
              "auto": "always"
            }
          }
        }
      },
      "outcomes": {
        "success": "assignVariables2"
      }
    },
    "callgetDepartmentTreeDataModuleFunction": {
      "module": "vb/action/builtin/callModuleFunctionAction",
      "parameters": {
        "module": "[[ $functions ]]",
        "functionName": "getDepartmentTreeData",
        "params": [
          "{{ $page.variables.groupingDept }}"
        ]
      },
      "outcomes": {
        "success": "assignDepartmentTDPVariable"
      }
    },
    "assignDepartmentTDPVariable": {
      "module": "vb/action/builtin/assignVariablesAction",
      "parameters": {
        "$page.variables.departmentTDP": {
          "source": "{{ $chain.results.callgetDepartmentTreeDataModuleFunction }}"
        }
      }
    }
  }
}