{
  "title": "Many to Many Recipe",
  "description": "",
  "variables": {
    "createSkill": {
      "type": "number[]"
    },
    "currentEmployee": {
      "type": "update_Employee"
    },
    "currentSkills": {
      "type": "number[]"
    },
    "employeeListSDP": {
      "type": "vb/ServiceDataProvider",
      "defaultValue": {
        "endpoint": "businessObjects/getall_Employee",
        "keyAttributes": "id",
        "itemsPath": "items",
        "responseType": "page:getallEmployeeResponse",
        "sortCriteria": [
          {
            "attribute": "id",
            "direction": "ascending"
          }
        ]
      }
    },
    "jobListSDP": {
      "type": "vb/ServiceDataProvider",
      "defaultValue": {
        "endpoint": "businessObjects/getall_Job",
        "keyAttributes": "id",
        "itemsPath": "items",
        "responseType": "page:getallJobResponse"
      }
    },
    "newEmployee": {
      "type": "create_Employee"
    },
    "skillListSDP": {
      "type": "vb/ServiceDataProvider",
      "defaultValue": {
        "endpoint": "businessObjects/getall_Skill",
        "keyAttributes": "id",
        "itemsPath": "items",
        "responseType": "page:getallSkillResponse"
      }
    }
  },
  "metadata": {},
  "types": {
    "@decorators.create_Employee": {
      "endpoint": "create_Employee",
      "service": "businessObjects",
      "path": "request"
    },
    "@decorators.getallEmployeeResponse": {
      "endpoint": "getall_Employee",
      "service": "businessObjects",
      "path": "response"
    },
    "@decorators.getallJobResponse": {
      "endpoint": "getall_Job",
      "service": "businessObjects",
      "path": "response"
    },
    "@decorators.getallSkillResponse": {
      "endpoint": "getall_Skill",
      "service": "businessObjects",
      "path": "response"
    },
    "@decorators.update_Employee": {
      "endpoint": "update_Employee",
      "service": "businessObjects",
      "path": "response"
    },
    "create_Employee": {
      "email": "string",
      "employeeSkillCollection": [
        {
          "skill": "number"
        }
      ],
      "firstName": "string",
      "hireDate": "string",
      "job": "number",
      "lastName": "string"
    },
    "getallEmployeeResponse": {
      "items": [
        {
          "email": "string",
          "employeeSkillCollection": {
            "items": [
              {
                "id": "number",
                "skill": "number"
              }
            ]
          },
          "firstName": "string",
          "id": "number",
          "skillCollection": {
            "items": [
              {
                "id": "number",
                "name": "string"
              }
            ]
          }
        }
      ]
    },
    "getallJobResponse": {
      "items": [
        {
          "id": "number",
          "jobTitle": "string"
        }
      ]
    },
    "getallSkillResponse": {
      "items": [
        {
          "id": "number",
          "name": "string"
        }
      ]
    },
    "update_Employee": {
      "email": "string",
      "employeeSkillCollection": {
        "items": [
          {
            "id": "number",
            "skill": "number"
          }
        ]
      },
      "firstName": "string",
      "id": "number"
    }
  },
  "chains": {},
  "eventListeners": {
    "openEditListener": {
      "chains": [
        {
          "chainId": "openEditEmployeeChain",
          "parameters": {
            "detail": "{{ $event.detail }}",
            "key": "{{ $current.key }}",
            "index": "{{ $current.index }}",
            "current": "{{ $current }}"
          }
        }
      ]
    },
    "openNewEmployeeListener": {
      "chains": [
        {
          "chainId": "openNewEmployeeDialogChain",
          "parameters": {
            "detail": "{{ $event.detail }}"
          }
        }
      ]
    },
    "createNewEmployeeListener": {
      "chains": [
        {
          "chainId": "createNewEmployeeChain",
          "parameters": {
            "detail": "{{ $event.detail }}"
          }
        }
      ]
    },
    "updateEmployeeListener": {
      "chains": [
        {
          "chainId": "saveEmployeeChain",
          "parameters": {
            "detail": "{{ $event.detail }}"
          }
        }
      ]
    }
  },
  "imports": {
    "components": {
      "oj-table": {
        "path": "ojs/ojtable"
      },
      "oj-button": {
        "path": "ojs/ojbutton"
      },
      "oj-toolbar": {
        "path": "ojs/ojtoolbar"
      },
      "oj-dialog": {
        "path": "ojs/ojdialog"
      },
      "oj-form-layout": {
        "path": "ojs/ojformlayout"
      },
      "oj-input-text": {
        "path": "ojs/ojinputtext"
      },
      "oj-select-many": {
        "path": "ojs/ojselectcombobox"
      },
      "oj-validation-group": {
        "path": "ojs/ojvalidationgroup"
      },
      "oj-input-date": {
        "path": "ojs/ojdatetimepicker"
      },
      "oj-select-single": {
        "path": "ojs/ojselectsingle"
      }
    },
    "modules": {
      "ojValidationBase": {
        "path": "ojs/ojvalidation-base"
      }
    }
  }
}