{
  "title": "Table Multi Select Recipe",
  "description": "The starting page of the flow",
  "variables": {
    "currentSelection": {
      "type": "string"
    },
    "departmentListSDP": {
      "type": "vb/ServiceDataProvider",
      "defaultValue": {
        "endpoint": "businessObjects/getall_Department",
        "keyAttributes": "id",
        "itemsPath": "items",
        "responseType": "page:getallDepartmentResponse"
      }
    },
    "disableDeselectAll": {
      "type": "boolean",
      "defaultValue": true
    },
    "rowData": {
      "type": "object[]"
    }
  },
  "types": {
    "getallDepartmentResponse": {
      "items": [
        {
          "departmentName": "string",
          "id": "number",
          "location": "number",
          "manager": "number"
        }
      ]
    }
  },
  "chains": {},
  "eventListeners": {
    "ojButtonOjAction": {
      "chains": [
        {
          "chainId": "onDeselectAll",
          "parameters": {
            "detail": "{{ $event.detail }}"
          }
        }
      ]
    },
    "ojButtonOjAction2": {
      "chains": [
        {
          "chainId": "onSelectSpecificRows",
          "parameters": {
            "detail": "{{ $event.detail }}"
          }
        }
      ]
    },
    "ojTableSelected": {
      "chains": [
        {
          "chainId": "TableSelectedChangeChain",
          "parameters": {
            "selected": "{{ $event.detail.value }}"
          }
        }
      ]
    }
  },
  "imports": {
    "components": {
      "oj-button": {
        "path": "ojs/ojbutton"
      },
      "oj-table": {
        "path": "ojs/ojtable"
      },
      "oj-checkboxset": {
        "path": "ojs/ojcheckboxset"
      },
      "oj-option": {
        "path": "ojs/ojoption"
      },
      "oj-label": {
        "path": "ojs/ojlabel"
      },
      "oj-text-area": {
        "path": "ojs/ojinputtext"
      }
    }
  }
}